[
    {
        "year": 2024,
        "country": "China",
        "population": 1411778724
    },
    {
        "year": 2024,
        "country": "India",
        "population": 1439323776
    },
    {
        "year": 2024,
        "country": "United States",
        "population": 334998398
    },
    {
        "year": 2024,
        "country": "Indonesia",
        "population": 277622132
    },
    {
        "year": 2024,
        "country": "Pakistan",
        "population": 240485658
    },
    {
        "year": 2024,
        "country": "Brazil",
        "population": 214216044
    },
    {
        "year": 2024,
        "country": "Nigeria",
        "population": 223804632
    },
    {
        "year": 2024,
        "country": "Bangladesh",
        "population": 172220249
    },
    {
        "year": 2024,
        "country": "Russia",
        "population": 144154573
    },
    {
        "year": 2024,
        "country": "Mexico",
        "population": 130403731
    },
    {
        "year": 2024,
        "country": "Japan",
        "population": 123882000
    },
    {
        "year": 2024,
        "country": "Ethiopia",
        "population": 126224125
    },
    {
        "year": 2024,
        "country": "Philippines",
        "population": 117337368
    },
    {
        "year": 2024,
        "country": "Egypt",
        "population": 111874600
    },
    {
        "year": 2024,
        "country": "Vietnam",
        "population": 100634046
    },
    {
        "year": 2024,
        "country": "DR Congo",
        "population": 102678555
    },
    {
        "year": 2024,
        "country": "Turkey",
        "population": 86821550
    },
    {
        "year": 2024,
        "country": "Iran",
        "population": 86442439
    },
    {
        "year": 2024,
        "country": "Germany",
        "population": 83129285
    },
    {
        "year": 2024,
        "country": "Thailand",
        "population": 69950851
    },
    {
        "year": 2024,
        "country": "United Kingdom",
        "population": 67491372
    },
    {
        "year": 2024,
        "country": "France",
        "population": 65426000
    },
    {
        "year": 2024,
        "country": "Italy",
        "population": 59052132
    },
    {
        "year": 2024,
        "country": "Tanzania",
        "population": 66863880
    },
    {
        "year": 2024,
        "country": "South Africa",
        "population": 61204057
    }
]