[
     {
      "Condition": "Influenza and pneumonia",
      "Age Group": "0-24",
      "COVID-19 Deaths": 1569
     },
     {
      "Condition": "Influenza and pneumonia",
      "Age Group": "25-34",
      "COVID-19 Deaths": 5804
     },
     {
      "Condition": "Influenza and pneumonia",
      "Age Group": "35-44",
      "COVID-19 Deaths": 15080
     },
     {
      "Condition": "Influenza and pneumonia",
      "Age Group": "45-54",
      "COVID-19 Deaths": 37414
     },
     {
      "Condition": "Influenza and pneumonia",
      "Age Group": "55-64",
      "COVID-19 Deaths": 82668
     },
     {
      "Condition": "Circulatory diseases",
      "Age Group": "0-24",
      "COVID-19 Deaths": 105
     },
     {
      "Condition": "Circulatory diseases",
      "Age Group": "25-34",
      "COVID-19 Deaths": 903
     },
     {
      "Condition": "Circulatory diseases",
      "Age Group": "35-44",
      "COVID-19 Deaths": 3656
     },
     {
      "Condition": "Circulatory diseases",
      "Age Group": "45-54",
      "COVID-19 Deaths": 10676
     },
     {
      "Condition": "Circulatory diseases",
      "Age Group": "55-64",
      "COVID-19 Deaths": 27207
     },
     {
      "Condition": "Sepsis",
      "Age Group": "0-24",
      "COVID-19 Deaths": 425
     },
     {
      "Condition": "Sepsis",
      "Age Group": "25-34",
      "COVID-19 Deaths": 1389
     },
     {
      "Condition": "Sepsis",
      "Age Group": "35-44",
      "COVID-19 Deaths": 3867
     },
     {
      "Condition": "Sepsis",
      "Age Group": "45-54",
      "COVID-19 Deaths": 9886
     },
     {
      "Condition": "Sepsis",
      "Age Group": "55-64",
      "COVID-19 Deaths": 22137
     },
     {
      "Condition": "Sepsis",
      "Age Group": "65-74",
      "COVID-19 Deaths": 32651
     },
     {
      "Condition": "Sepsis",
      "Age Group": "75-84",
      "COVID-19 Deaths": 29455
     },
     {
      "Condition": "Sepsis",
      "Age Group": "85+",
      "COVID-19 Deaths": 19188
     },
     {
      "Condition": "Sepsis",
      "Age Group": "Not stated",
      "COVID-19 Deaths": 2
     },
     {
      "Condition": "Sepsis",
      "Age Group": "All Ages",
      "COVID-19 Deaths": 119000
     },
     {
      "Condition": "Malignant neoplasms",
      "Age Group": "75-84",
      "COVID-19 Deaths": 21947
     },
     {
      "Condition": "Malignant neoplasms",
      "Age Group": "85+",
      "COVID-19 Deaths": 15705
     },
     {
      "Condition": "Malignant neoplasms",
      "Age Group": "Not stated",
      "COVID-19 Deaths": 0
     },
     {
      "Condition": "Malignant neoplasms",
      "Age Group": "All Ages",
      "COVID-19 Deaths": 71669
     },
     {
      "Condition": "Diabetes",
      "Age Group": "0-24",
      "COVID-19 Deaths": 289
     },
     {
      "Condition": "Diabetes",
      "Age Group": "25-34",
      "COVID-19 Deaths": 1252
     },
     {
      "Condition": "Diabetes",
      "Age Group": "35-44",
      "COVID-19 Deaths": 4295
     },
     {
      "Condition": "Diabetes",
      "Age Group": "45-54",
      "COVID-19 Deaths": 12297
     }
   
    ]
    