[
    {
        "work_year": "2024",
        "experience_level": "EN",
        "employment_type": "FT",
        "job_title": "Admin & Data Analyst",
        "salary": 300000,
        "salary_currency": "USD",
        "salary_in_usd": 300000,
        "employee_residence": "IN",
        "remote_ratio": 100,
        "company_location": "IN",
        "company_size": "L"
    },
    {
        "work_year": "2024",
        "experience_level": "SE",
        "employment_type": "FT",
        "job_title": "Data Architect",
        "salary": 184000,
        "salary_currency": "USD",
        "salary_in_usd": 184000,
        "employee_residence": "US",
        "remote_ratio": 0,
        "company_location": "US",
        "company_size": "M"
    },
    {
        "work_year": "2024",
        "experience_level": "SE",
        "employment_type": "FT",
        "job_title": "Data Architect",
        "salary": 123000,
        "salary_currency": "USD",
        "salary_in_usd": 123000,
        "employee_residence": "US",
        "remote_ratio": 0,
        "company_location": "US",
        "company_size": "M"
    },
    {
        "work_year": "2024",
        "experience_level": "SE",
        "employment_type": "FT",
        "job_title": "Data Scientist",
        "salary": 235400,
        "salary_currency": "USD",
        "salary_in_usd": 235400,
        "employee_residence": "US",
        "remote_ratio": 100,
        "company_location": "US",
        "company_size": "M"
    },
    {
        "work_year": "2024",
        "experience_level": "SE",
        "employment_type": "FT",
        "job_title": "Data Scientist",
        "salary": 188748,
        "salary_currency": "USD",
        "salary_in_usd": 188748,
        "employee_residence": "US",
        "remote_ratio": 100,
        "company_location": "US",
        "company_size": "M"
    },
    {
        "work_year": "2024",
        "experience_level": "SE",
        "employment_type": "FT",
        "job_title": "Data Scientist",
        "salary": 196900,
        "salary_currency": "USD",
        "salary_in_usd": 196900,
        "employee_residence": "US",
        "remote_ratio": 0,
        "company_location": "US",
        "company_size": "M"
    },
    {
        "work_year": "2024",
        "experience_level": "SE",
        "employment_type": "FT",
        "job_title": "Data Scientist",
        "salary": 175420,
        "salary_currency": "USD",
        "salary_in_usd": 175420,
        "employee_residence": "US",
        "remote_ratio": 0,
        "company_location": "US",
        "company_size": "M"
    },
    {
        "work_year": "2024",
        "experience_level": "MI",
        "employment_type": "FT",
        "job_title": "Machine Learning Engineer",
        "salary": 157600,
        "salary_currency": "USD",
        "salary_in_usd": 157600,
        "employee_residence": "US",
        "remote_ratio": 0,
        "company_location": "US",
        "company_size": "M"
    },
    {
        "work_year": "2024",
        "experience_level": "MI",
        "employment_type": "FT",
        "job_title": "Machine Learning Engineer",
        "salary": 157600,
        "salary_currency": "USD",
        "salary_in_usd": 157600,
        "employee_residence": "US",
        "remote_ratio": 0,
        "company_location": "US",
        "company_size": "M"
    },
    {
        "work_year": "2024",
        "experience_level": "SE",
        "employment_type": "FT",
        "job_title": "Data Analyst",
        "salary": 200000,
        "salary_currency": "USD",
        "salary_in_usd": 200000,
        "employee_residence": "US",
        "remote_ratio": 100,
        "company_location": "US",
        "company_size": "M"
    },
    {
        "work_year": "2024",
        "experience_level": "SE",
        "employment_type": "FT",
        "job_title": "Data Analyst",
        "salary": 165000,
        "salary_currency": "USD",
        "salary_in_usd": 165000,
        "employee_residence": "US",
        "remote_ratio": 100,
        "company_location": "US",
        "company_size": "M"
    },
    {
        "work_year": "2024",
        "experience_level": "MI",
        "employment_type": "FT",
        "job_title": "Data Analyst",
        "salary": 200000,
        "salary_currency": "USD",
        "salary_in_usd": 200000,
        "employee_residence": "US",
        "remote_ratio": 0,
        "company_location": "US",
        "company_size": "M"
    },
    {
        "work_year": "2024",
        "experience_level": "MI",
        "employment_type": "FT",
        "job_title": "Data Analyst",
        "salary": 110000,
        "salary_currency": "USD",
        "salary_in_usd": 110000,
        "employee_residence": "US",
        "remote_ratio": 0,
        "company_location": "US",
        "company_size": "M"
    },
    {
        "work_year": "2024",
        "experience_level": "MI",
        "employment_type": "FT",
        "job_title": "Business Intelligence Engineer",
        "salary": 223100,
        "salary_currency": "USD",
        "salary_in_usd": 223100,
        "employee_residence": "US",
        "remote_ratio": 0,
        "company_location": "US",
        "company_size": "L"
    },
    {
        "work_year": "2024",
        "experience_level": "MI",
        "employment_type": "FT",
        "job_title": "Business Intelligence Engineer",
        "salary": 129100,
        "salary_currency": "USD",
        "salary_in_usd": 129100,
        "employee_residence": "US",
        "remote_ratio": 0,
        "company_location": "US",
        "company_size": "L"
    },
    {
        "work_year": "2024",
        "experience_level": "MI",
        "employment_type": "FT",
        "job_title": "Research Engineer",
        "salary": 208000,
        "salary_currency": "USD",
        "salary_in_usd": 208000,
        "employee_residence": "US",
        "remote_ratio": 0,
        "company_location": "US",
        "company_size": "M"
    },
    {
        "work_year": "2024",
        "experience_level": "MI",
        "employment_type": "FT",
        "job_title": "Research Engineer",
        "salary": 146994,
        "salary_currency": "USD",
        "salary_in_usd": 146994,
        "employee_residence": "US",
        "remote_ratio": 0,
        "company_location": "US",
        "company_size": "M"
    },
    {
        "work_year": "2024",
        "experience_level": "SE",
        "employment_type": "FT",
        "job_title": "Data Manager",
        "salary": 109000,
        "salary_currency": "USD",
        "salary_in_usd": 109000,
        "employee_residence": "US",
        "remote_ratio": 0,
        "company_location": "US",
        "company_size": "M"
    },
    {
        "work_year": "2024",
        "experience_level": "SE",
        "employment_type": "FT",
        "job_title": "Data Manager",
        "salary": 62300,
        "salary_currency": "USD",
        "salary_in_usd": 62300,
        "employee_residence": "US",
        "remote_ratio": 0,
        "company_location": "US",
        "company_size": "M"
    }
]