{
    "data": [
        {"Date": "2022-02-10", "Open": 174.14, "High": 175.48, "Low": 171.55, "Close": 172.12},
        {"Date": "2022-02-11", "Open": 172.33, "High": 173.08, "Low": 168.04, "Close": 168.64},
        {"Date": "2022-02-15", "Open": 167.37, "High": 169.58, "Low": 166.56, "Close": 168.88},
        {"Date": "2022-02-16", "Open": 170.97, "High": 172.95, "Low": 170.25, "Close": 172.79},
        {"Date": "2022-02-17", "Open": 171.85, "High": 173.34, "Low": 170.05, "Close": 172.55},
        {"Date": "2022-02-18", "Open": 171.03, "High": 171.91, "Low": 168.47, "Close": 168.88},
        {"Date": "2022-02-19", "Open": 169.82, "High": 170.54, "Low": 166.19, "Close": 167.3},
        {"Date": "2022-02-22", "Open": 164.98, "High": 166.69, "Low": 162.15, "Close": 164.32},
        {"Date": "2022-02-23", "Open": 165.54, "High": 166.15, "Low": 159.75, "Close": 160.07},
        {"Date": "2022-02-24", "Open": 152.58, "High": 162.85, "Low": 152, "Close": 162.74},
        {"Date": "2022-02-25", "Open": 163.84, "High": 165.12, "Low": 160.87, "Close": 164.85},
        {"Date": "2022-02-28", "Open": 163.06, "High": 165.42, "Low": 162.43, "Close": 165.12},
        {"Date": "2022-03-01", "Open": 164.7, "High": 166.6, "Low": 161.97, "Close": 163.2},
        {"Date": "2022-03-02", "Open": 164.39, "High": 167.36, "Low": 162.95, "Close": 166.56},
        {"Date": "2022-03-03", "Open": 168.47, "High": 168.91, "Low": 165.55, "Close": 166.23},
        {"Date": "2022-03-04", "Open": 164.49, "High": 165.55, "Low": 162.1, "Close": 163.17},
        {"Date": "2022-03-07", "Open": 164.05, "High": 166.23, "Low": 162.78, "Close": 165.81},
        {"Date": "2022-03-08", "Open": 165.83, "High": 166.57, "Low": 163.34, "Close": 163.86},
        {"Date": "2022-03-09", "Open": 163.45, "High": 165.28, "Low": 161.78, "Close": 165.11},
        {"Date": "2022-03-10", "Open": 165.37, "High": 167.42, "Low": 164.62, "Close": 166.87},
        {"Date": "2022-03-11", "Open": 167.12, "High": 168.57, "Low": 166.21, "Close": 167.54},
        {"Date": "2022-03-14", "Open": 168.81, "High": 170.15, "Low": 167.68, "Close": 169.62},
        {"Date": "2022-03-15", "Open": 169.95, "High": 171.28, "Low": 168.92, "Close": 170.25},
        {"Date": "2022-03-16", "Open": 170.42, "High": 171.77, "Low": 169.43, "Close": 170.07},
        {"Date": "2022-03-17", "Open": 169.67, "High": 170.89, "Low": 168.64, "Close": 170.59},
        {"Date": "2022-03-18", "Open": 170.7, "High": 172.15, "Low": 170.01, "Close": 171.44},
        {"Date": "2022-03-21", "Open": 171.29, "High": 172.68, "Low": 170.43, "Close": 172.12},
        {"Date": "2022-03-22", "Open": 172.19, "High": 173.58, "Low": 171.34, "Close": 172.89},
        {"Date": "2022-03-23", "Open": 172.8, "High": 174.25, "Low": 172.05, "Close": 173.71},
        {"Date": "2022-03-24", "Open": 173.67, "High": 175.08, "Low": 173.01, "Close": 174.82},
        {"Date": "2022-03-25", "Open": 175.02, "High": 176.38, "Low": 174.21, "Close": 175.84}
    ]
}
